{
  "description": "FSim burn probability calibration factors on 0.5-degree grid. Multiply FSim BP by this factor to match observed CalFire frequency (1996-2025). Smoothed with 3x3 uniform filter.",
  "grid_res": 0.5,
  "lat_min": 32.5,
  "lon_min": -124.5,
  "n_lat": 19,
  "n_lon": 21,
  "factors": [
    [
      0.9019863299177359,
      0.9019863299177359,
      0.9019863299177359,
      0.9019863299177359,
      0.9019863299177359,
      0.9019863299177359,
      0.9019863299177359,
      0.9019863299177359,
      0.8128767377046541,
      0.7237671454915723,
      0.456438368852327,
      1.0631809647894377,
      1.7597501105271187,
      8.090586591208114,
      9.05462840217461,
      9.772497874421996,
      3.82986373708815,
      3.816402635195136,
      2.420847092727033,
      2.18067984316211,
      0.5931724475075812
    ],
    [
      0.9019863299177359,
      0.9019863299177359,
      0.9019863299177359,
      0.9019863299177359,
      0.9019863299177359,
      0.9019863299177359,
      0.9019863299177359,
      0.8189570862030467,
      0.729847493989965,
      0.6407379017768832,
      0.5455479610654088,
      1.8771453524274249,
      3.1885064786939576,
      7.124583435585634,
      7.0902548416687905,
      7.197618082290433,
      3.5512317586699615,
      3.1119595422589583,
      1.6451381759894037,
      1.5176378065514973,
      0.7327218971375434
    ],
    [
      0.9019863299177359,
      0.9019863299177359,
      0.9019863299177359,
      0.9019863299177359,
      0.9019863299177359,
      0.9019863299177359,
      0.8128767377046541,
      2.4342818557052923,
      3.975446369256917,
      14.986336777043833,
      16.133731592595172,
      17.535029036683394,
      9.071897851120028,
      8.277578281092179,
      7.150683948411821,
      7.48007457115348,
      5.582177462409874,
      3.8361701022950494,
      0.8123721279768971,
      1.6838365396661101,
      2.562323941291178
    ],
    [
      0.9019863299177359,
      0.9019863299177359,
      0.9019863299177359,
      0.9019863299177359,
      0.9019863299177359,
      0.9019863299177359,
      2.687883282007709,
      5.111860309583345,
      7.46992185282387,
      17.366705270846676,
      18.41649407066281,
      19.20754242642331,
      9.376248462434516,
      7.330035436593075,
      5.5455621563434505,
      5.253736726336281,
      3.6220429592854795,
      2.0375986043381964,
      0.24227990665535812,
      1.3944685386255593,
      2.562323941291177
    ],
    [
      0.9019863299177359,
      0.9019863299177359,
      0.9019863299177359,
      0.9019863299177359,
      0.9019863299177359,
      0.8128767377046541,
      2.578881942294925,
      5.390729701944498,
      8.882877534790858,
      19.23668565613123,
      20.52518994211465,
      19.871649300250517,
      9.139033885991706,
      5.982585345149602,
      4.231266968997976,
      4.217255021651892,
      5.455245687569692,
      8.812597989892842,
      7.1720832489278505,
      5.760954435533627,
      2.176188267907426
    ],
    [
      0.9019863299177359,
      0.9019863299177359,
      0.9019863299177359,
      0.9019863299177359,
      1.5399963827633065,
      1.6975945212178492,
      3.5764486868605947,
      4.419233017039308,
      6.503592495503544,
      5.756692065726026,
      6.1278812007922925,
      5.812023406091235,
      5.790809538215361,
      6.4674757259739435,
      5.03626625680448,
      3.7086345915557675,
      3.510561946974125,
      7.371203118866535,
      7.320766139486651,
      4.722860301579915,
      0.10000000000000142
    ],
    [
      0.9019863299177359,
      0.9019863299177359,
      0.9019863299177359,
      0.9019863299177359,
      4.695377100989764,
      5.211312329854601,
      5.278376380894693,
      2.778728817237918,
      3.7043066263499163,
      4.1284080643620635,
      5.42420939057707,
      6.89032099926595,
      7.420589456351866,
      8.755345698087666,
      8.599409018021825,
      7.4864268850708084,
      5.855001436035117,
      7.411323953932551,
      7.235543364106166,
      4.675339261136552,
      0.09999999999999847
    ],
    [
      0.9019863299177359,
      0.9019863299177359,
      0.9019863299177359,
      0.8373163939382849,
      5.095323196607971,
      5.631819451438837,
      6.142805179917045,
      2.8177344568262845,
      2.7208186307034263,
      2.891711796049313,
      5.0721532156667015,
      8.77349377631751,
      8.971255349697156,
      9.736267101230062,
      8.347034078471118,
      7.4405153604339676,
      3.4434802236243023,
      0.42446348038518283,
      0.24868289055879877,
      0.09999999999999827,
      0.09999999999999848
    ],
    [
      0.9019863299177359,
      0.9019863299177359,
      0.8128767377046541,
      6.046585266246097,
      10.535636495261146,
      11.928665910429094,
      7.125750753482223,
      3.4280732214318324,
      2.249820351954654,
      6.362868543601183,
      9.190579762590634,
      13.55628382259872,
      8.778363146094286,
      6.401087935780019,
      3.9173123331436677,
      4.009406280214255,
      2.5002677979351655,
      0.22534361044649773,
      0.09999999999999737,
      0.09999999999999731,
      0.09999999999999752
    ],
    [
      0.9019863299177359,
      2.131763733903929,
      1.994774357873756,
      7.1760928267222965,
      7.582967175378186,
      9.540498950556131,
      5.005107868027851,
      4.440267231910515,
      4.985965306295087,
      11.031636859770453,
      12.991070497270945,
      13.148329572865407,
      6.222651519806448,
      2.9240779891419666,
      0.13324966337591349,
      0.10000000000000087,
      0.10000000000000032,
      0.09999999999999953,
      0.09999999999999942,
      0.09999999999999937,
      0.09999999999999958
    ],
    [
      0.9019863299177359,
      2.327822815828408,
      2.902083865435266,
      11.913399058371018,
      11.674229486373337,
      13.041844917379132,
      4.937584899322516,
      4.930096629465559,
      7.149134807973669,
      12.54386769700083,
      13.416997528376575,
      10.22104358049649,
      3.651926739950948,
      1.332289487879926,
      0.10000000000000275,
      0.1000000000000027,
      0.10000000000000216,
      0.10000000000000137,
      0.10000000000000125,
      0.1000000000000012,
      0.10000000000000141
    ],
    [
      2.3443349799549433,
      4.06245598050294,
      5.980442438611476,
      9.199105101258967,
      8.616997335578377,
      8.129283210681272,
      4.838189681110342,
      5.75974080402541,
      9.2580782356736,
      10.390600827424294,
      9.180986937880105,
      3.9903114781947173,
      1.2205423266910091,
      0.1052630818134775,
      0.1000000000000003,
      0.10000000000000024,
      0.0999999999999997,
      0.09999999999999891,
      0.0999999999999988,
      0.09999999999999874,
      0.09999999999999894
    ],
    [
      4.987789578398384,
      6.314084937993852,
      10.272339755395228,
      11.080278434706612,
      10.781596083181816,
      7.6459620288920656,
      4.133358906363586,
      4.523007959632227,
      6.392963598682254,
      5.246396484002685,
      3.8223981434510272,
      0.8624929646501295,
      0.36059249742690125,
      0.10000000000000242,
      0.10000000000000277,
      0.10000000000000271,
      0.10000000000000218,
      0.10000000000000138,
      0.10000000000000127,
      0.10000000000000121,
      0.10000000000000142
    ],
    [
      6.643418184563317,
      9.2205320091502,
      15.073231967983533,
      10.248103283589879,
      10.680254775726468,
      7.818946001862288,
      7.831152193932277,
      7.06615138306304,
      5.236220712316752,
      4.101588715218637,
      1.679105024938243,
      0.33942532628921285,
      0.10000000000000202,
      0.10000000000000252,
      0.10000000000000286,
      0.10000000000000281,
      0.10000000000000227,
      0.10000000000000148,
      0.10000000000000137,
      0.10000000000000131,
